1	0000157680.docx
2	0000157684.docx
3	0000198037.docx
4	0000157693.docx
5	0000157719.docx
6	0000157751.docx
7	0000157732.docx
8	0000157756.docx
9	0000157718.docx
10	0000157714.docx
11	0000198038.docx
12	0000157729.docx
13	0000157736.docx
14	0000157814.docx
15	0000157761.docx
16	0000157687.docx
17	0000157734.docx
18	0000157723.docx
19	0000157775.docx
20	0000198039.docx
21	0000157772.docx
22	0000157774.docx
23	0000157764.docx
24	0000198115.docx
25	0000157720.docx
26	0000157669.docx
27	0000157865.docx
28	0000157813.docx
29	0000157668.docx
30	0000157670.docx
31	0000157766.docx
32	0000157711.docx
33	0000157716.docx
34	0000157717.docx
35	0000198042.docx
36	0000157760.docx
37	0000198043.docx
38	0000198046.docx
39	0000198048.docx
40	0000198050.docx
41	0000161229.docx
42	0000157689.docx
43	0000157696.docx
44	0000198052.docx
45	0000157698.docx
46	0000157666.docx
47	0000157866.docx
48	0000157692.docx
49	0000157727.docx
50	0000157759.docx
51	0000157796.docx
52	0000157704.docx
53	0000157710.docx
54	0000157811.docx
55	0000157707.docx
56	0000157765.docx
57	0000198053.docx
58	0000198057.docx
59	0000198059.docx
60	0000157706.docx
61	0000157713.docx
62	0000157767.docx
63	0000157747.docx
64	0000157952.docx
65	0000157976.docx
66	0000198061.docx
67	0000198063.docx
68	0000157671.docx
69	0000157699.docx
70	0000198064.docx
71	0000157748.docx
72	0000157673.docx
73	0000157676.docx
74	0000157677.docx
75	0000157685.docx
76	0000157674.docx
77	0000157675.docx
78	0000157678.docx
79	0000157679.docx
80	0000157700.docx
81	0000157731.docx
82	0000157730.docx
83	0000157667.docx
84	0000157708.docx
85	0000198066.docx
86	0000157754.docx
87	0000157867.docx
88	0000157770.docx
89	0000157956.docx
90	0000157773.docx
91	0000198069.docx
92	0000198073.docx
93	0000157694.docx
94	0000157691.docx
95	0000157712.docx
96	0000157688.docx
97	0000157672.docx
98	0000157697.docx
99	0000157771.docx
100	0000157683.docx
101	0000157740.docx
102	0000157778.docx
103	0000157709.docx
104	0000157703.docx
105	0000157954.docx
106	0000157686.docx
107	0000198074.docx
108	0000157741.docx
109	0000157758.docx
110	0000157763.docx
111	0000157230.docx
112	0000157296.docx
113	0000157176.docx
114	0000157271.docx
115	0000157132.docx
116	0000157115.docx
117	0000157222.docx
118	0000157223.docx
119	0000157112.docx
120	0000157130.docx
121	0000157213.docx
122	0000157264.docx
123	0000157252.docx
124	0000157272.docx
125	0000157212.docx
126	0000157290.docx
127	0000157233.docx
128	0000157275.docx
129	0000157183.docx
130	0000157231.docx
131	0000157121.docx
132	0000157225.docx
133	0000157306.docx
134	0000157250.docx
135	0000157111.docx
136	0000157292.docx
137	0000157185.docx
138	0000157211.docx
139	0000157229.docx
140	0000157254.docx
141	0000157154.docx
142	0000157300.docx
143	0000157301.docx
144	0000157321.docx
145	0000157142.docx
146	0000157151.docx
147	0000157234.docx
148	0000157310.docx
149	0000157294.docx
150	0000157165.docx
151	0000157964.docx
152	0000157269.docx
153	0000157258.docx
154	0000157210.docx
155	0000157313.docx
156	0000157966.docx
157	0000157218.docx
158	0000157184.docx
159	0000157203.docx
160	0000157226.docx
161	0000157157.docx
162	0000157317.docx
163	0000157253.docx
164	0000157167.docx
165	0000157270.docx
166	0000157247.docx
167	0000157297.docx
168	0000157146.docx
169	0000157307.docx
170	0000157152.docx
171	0000157141.docx
172	0000157251.docx
173	0000157281.docx
174	0000157256.docx
175	0000157139.docx
176	0000157199.docx
177	0000198077.docx
178	0000157308.docx
179	0000157140.docx
180	0000157145.docx
181	0000157178.docx
182	0000157116.docx
183	0000157278.docx
184	0000157123.docx
185	0000157198.docx
186	0000157322.docx
187	0000157160.docx
188	0000157242.docx
189	0000157302.docx
190	0000157200.docx
191	0000157143.docx
192	0000157960.docx
193	0000157286.docx
194	0000157238.docx
195	0000157262.docx
196	0000157309.docx
197	0000157128.docx
198	0000157311_1.docx
199	0000157196.docx
200	0000157240.docx
201	0000157122.docx
202	0000157219.docx
203	0000157259.docx
204	0000157149.docx
205	0000157221.docx
206	0000157220.docx
207	0000157235.docx
208	0000157209.docx
209	0000157166.docx
210	0000157245.docx
211	0000157201.docx
212	0000157202.docx
213	0000157217.docx
214	0000157216.docx
215	0000157279.docx
216	0000157315.docx
217	0000157148.docx
218	0000157120.docx
219	0000157169.docx
220	0000198078.docx
221	0000198079.docx
222	0000198080.docx
223	0000157126.docx
224	0000157206.docx
225	0000157227.docx
226	0000157164.docx
227	0000157153.docx
228	0000157288.docx
229	0000157266.docx
230	0000198082.docx
231	0000157119.docx
232	0000157158.docx
233	0000157144.docx
234	0000157291.docx
235	0000157283.docx
236	0000157168.docx
237	0000157285.docx
238	0000198083.docx
239	0000157273.docx
240	0000157282.docx
241	0000157957.docx
242	0000157958.docx
243	0000157959.docx
244	0000157304.docx
245	0000157287.docx
246	0000157305.docx
247	0000157124.docx
248	0000157179.docx
249	0000157180.docx
250	0000157181.docx
251	0000157261.docx
252	0000157314.docx
253	0000157232.docx
254	0000157295.docx
255	0000157284.docx
256	0000157175.docx
257	0000157162.docx
258	0000157161.docx
259	0000157319.docx
260	0000157205.docx
261	0000157244.docx
262	0000157186.docx
263	0000157263.docx
264	0000157303.docx
265	0000157207.docx
266	0000157155.docx
267	0000157187.docx
268	0000157255.docx
269	0000157159.docx
270	0000157299.docx
271	0000157171.docx
272	0000157215.docx
273	0000157323.docx
274	0000157195.docx
275	0000157241.docx
276	0000157257.docx
277	0000157316.docx
278	0000157174.docx
279	0000157172.docx
280	0000157173.docx
281	0000198084.docx
282	0000157228.docx
283	0000157193.docx
284	0000157239.docx
285	0000157280.docx
286	0000157136.docx
287	0000157147.docx
288	0000198085.docx
289	0000157182.docx
290	0000157276.docx
291	0000157277.docx
292	0000157237.docx
293	0000157236.docx
294	0000157224.docx
295	0000157260.docx
296	0000157248.docx
297	0000157117.docx
298	0000157134.docx
299	0000157963.docx
300	0000157821.docx
301	0000157150.docx
302	0000157965.docx
303	0000157114.docx
304	0000157962.docx
305	0000157249.docx
306	0000157188.docx
307	0000156561.docx
308	0000156562.docx
309	0000157918.docx
310	0000156565.docx
311	0000156566.docx
312	0000156567.docx
313	0000156568.docx
314	0000156569.docx
315	0000156570.docx
316	0000156571.docx
317	0000156572.docx
318	0000156573.docx
319	0000156574.docx
320	0000156575.docx
321	0000156576.docx
322	0000156578.docx
323	0000156602.docx
324	0000156604.docx
325	0000198089.docx
326	0000156606.docx
327	0000156608.docx
328	0000198090.docx
329	0000198092.docx
330	0000198093.docx
331	0000198086.docx
332	000522592.docx
333	000522593.docx
